<?xml version="1.0" encoding="UTF-8"?>
<metadata xml:lang="es"><Esri><CreaDate>20201216</CreaDate><CreaTime>13030200</CreaTime><ArcGISFormat>1.0</ArcGISFormat><SyncOnce>FALSE</SyncOnce><DataProperties><itemProps><itemName Sync="TRUE">Consumo_Energia</itemName><imsContentType Sync="TRUE">002</imsContentType><itemLocation><linkage Sync="TRUE">file://\\IDECAM710S8EZA\D$\Contenedor\Users\dcarvajal\Documents\OPERATIVO\2020\Datos temáticos\SED\2-Ajustados\Datos\2020SED_BDLocal\SED2020.gdb</linkage><protocol Sync="TRUE">Local Area Network</protocol></itemLocation></itemProps><coordRef><type Sync="TRUE">Projected</type><geogcsn Sync="TRUE">GCS_WGS_1984</geogcsn><csUnits Sync="TRUE">Linear Unit: Meter (1.000000)</csUnits><projcsn Sync="TRUE">WGS_1984_Web_Mercator_Auxiliary_Sphere</projcsn><peXml Sync="TRUE">&lt;ProjectedCoordinateSystem xsi:type='typens:ProjectedCoordinateSystem' xmlns:xsi='http://www.w3.org/2001/XMLSchema-instance' xmlns:xs='http://www.w3.org/2001/XMLSchema' xmlns:typens='http://www.esri.com/schemas/ArcGIS/10.5'&gt;&lt;WKT&gt;PROJCS[&amp;quot;WGS_1984_Web_Mercator_Auxiliary_Sphere&amp;quot;,GEOGCS[&amp;quot;GCS_WGS_1984&amp;quot;,DATUM[&amp;quot;D_WGS_1984&amp;quot;,SPHEROID[&amp;quot;WGS_1984&amp;quot;,6378137.0,298.257223563]],PRIMEM[&amp;quot;Greenwich&amp;quot;,0.0],UNIT[&amp;quot;Degree&amp;quot;,0.0174532925199433]],PROJECTION[&amp;quot;Mercator_Auxiliary_Sphere&amp;quot;],PARAMETER[&amp;quot;False_Easting&amp;quot;,0.0],PARAMETER[&amp;quot;False_Northing&amp;quot;,0.0],PARAMETER[&amp;quot;Central_Meridian&amp;quot;,0.0],PARAMETER[&amp;quot;Standard_Parallel_1&amp;quot;,0.0],PARAMETER[&amp;quot;Auxiliary_Sphere_Type&amp;quot;,0.0],UNIT[&amp;quot;Meter&amp;quot;,1.0],AUTHORITY[&amp;quot;EPSG&amp;quot;,3857]]&lt;/WKT&gt;&lt;XOrigin&gt;-20037700&lt;/XOrigin&gt;&lt;YOrigin&gt;-30241100&lt;/YOrigin&gt;&lt;XYScale&gt;10000&lt;/XYScale&gt;&lt;ZOrigin&gt;-100000&lt;/ZOrigin&gt;&lt;ZScale&gt;10000&lt;/ZScale&gt;&lt;MOrigin&gt;-100000&lt;/MOrigin&gt;&lt;MScale&gt;10000&lt;/MScale&gt;&lt;XYTolerance&gt;0.001&lt;/XYTolerance&gt;&lt;ZTolerance&gt;0.001&lt;/ZTolerance&gt;&lt;MTolerance&gt;0.001&lt;/MTolerance&gt;&lt;HighPrecision&gt;true&lt;/HighPrecision&gt;&lt;WKID&gt;102100&lt;/WKID&gt;&lt;LatestWKID&gt;3857&lt;/LatestWKID&gt;&lt;/ProjectedCoordinateSystem&gt;</peXml></coordRef><lineage><Process ToolSource="c:\program files (x86)\arcgis\desktop10.5\ArcToolbox\Toolboxes\Conversion Tools.tbx\FeatureClassToFeatureClass" Date="20201019" Time="191654">FeatureClassToFeatureClass Energia "D:\Ana Ju\Documents\Ana Julier Fonseca\SDEDUCACIÓN\INFORMACIÓN _G\IDECA\Entrega_23102020\SED2020.gdb\Recursos_naturales" Consumo_Energia # "No_ "No_" true true false 10 Long 0 10 ,First,#,Energia,No_,-1,-1;NOMBRE_LOC "NOMBRE_LOC" true true false 254 Text 0 0 ,First,#,Energia,NOMBRE_LOC,-1,-1;DANE12_EST "DANE12_EST" true true false 19 Double 0 0 ,First,#,Energia,DANE12_EST,-1,-1;NOMBRE_EST "NOMBRE_EST" true true false 254 Text 0 0 ,First,#,Energia,NOMBRE_EST,-1,-1;DANE12_SED "DANE12_SED" true true false 19 Double 0 0 ,First,#,Energia,DANE12_SED,-1,-1;NOMBRE_SED "NOMBRE_SED" true true false 254 Text 0 0 ,First,#,Energia,NOMBRE_SED,-1,-1;SECTOR "SECTOR" true true false 254 Text 0 0 ,First,#,Energia,SECTOR,-1,-1;CLASE "CLASE" true true false 254 Text 0 0 ,First,#,Energia,CLASE,-1,-1;ZONA "ZONA" true true false 254 Text 0 0 ,First,#,Energia,ZONA,-1,-1;CALENDARIO "CALENDARIO" true true false 254 Text 0 0 ,First,#,Energia,CALENDARIO,-1,-1;GENERO "GENERO" true true false 254 Text 0 0 ,First,#,Energia,GENERO,-1,-1;CARACTER_P "CARACTER_P" true true false 254 Text 0 0 ,First,#,Energia,CARACTER_P,-1,-1;TOTAL_CONS "TOTAL_CONS" true true false 10 Long 0 10 ,First,#,Energia,TOTAL_CONS,-1,-1;PROMEDIO_C "PROMEDIO_C" true true false 19 Double 0 0 ,First,#,Energia,PROMEDIO_C,-1,-1;TOTAL_CO_1 "TOTAL_CO_1" true true false 19 Double 0 0 ,First,#,Energia,TOTAL_CO_1,-1,-1;PROMEDIO_1 "PROMEDIO_1" true true false 19 Double 0 0 ,First,#,Energia,PROMEDIO_1,-1,-1;TOTAL_CO_2 "TOTAL_CO_2" true true false 10 Long 0 10 ,First,#,Energia,TOTAL_CO_2,-1,-1;PROMEDIO_2 "PROMEDIO_2" true true false 19 Double 0 0 ,First,#,Energia,PROMEDIO_2,-1,-1;TOTAL_CO_3 "TOTAL_CO_3" true true false 10 Long 0 10 ,First,#,Energia,TOTAL_CO_3,-1,-1;PROMEDIO_3 "PROMEDIO_3" true true false 19 Double 0 0 ,First,#,Energia,PROMEDIO_3,-1,-1;TOTAL_CO_4 "TOTAL_CO_4" true true false 10 Long 0 10 ,First,#,Energia,TOTAL_CO_4,-1,-1;PROMEDIO_4 "PROMEDIO_4" true true false 10 Long 0 10 ,First,#,Energia,PROMEDIO_4,-1,-1;n16 "n16" true true false 10 Long 0 10 ,First,#,Energia,n16,-1,-1;n17 "n17" true true false 10 Long 0 10 ,First,#,Energia,n17,-1,-1;n18 "n18" true true false 10 Long 0 10 ,First,#,Energia,n18,-1,-1;n19 "n19" true true false 10 Long 0 10 ,First,#,Energia,n19,-1,-1;percapita1 "percapita1" true true false 19 Double 0 0 ,First,#,Energia,percapita1,-1,-1;percapit_1 "percapit_1" true true false 19 Double 0 0 ,First,#,Energia,percapit_1,-1,-1;percapit_2 "percapit_2" true true false 19 Double 0 0 ,First,#,Energia,percapit_2,-1,-1;percapit_3 "percapit_3" true true false 19 Double 0 0 ,First,#,Energia,percapit_3,-1,-1" #</Process><Process ToolSource="c:\program files (x86)\arcgis\desktop10.5\ArcToolbox\Toolboxes\Data Management Tools.tbx\CalculateField" Date="20201019" Time="192914">CalculateField Consumo_Energia COD_LOCA "Antonio Nariño" VB #</Process><Process ToolSource="c:\program files (x86)\arcgis\desktop10.5\ArcToolbox\Toolboxes\Data Management Tools.tbx\CalculateField" Date="20201019" Time="192932">CalculateField Consumo_Energia COD_LOCA "Barrios Unidos" VB #</Process><Process ToolSource="c:\program files (x86)\arcgis\desktop10.5\ArcToolbox\Toolboxes\Data Management Tools.tbx\CalculateField" Date="20201019" Time="192949">CalculateField Consumo_Energia COD_LOCA "Bosa" VB #</Process><Process ToolSource="c:\program files (x86)\arcgis\desktop10.5\ArcToolbox\Toolboxes\Data Management Tools.tbx\CalculateField" Date="20201019" Time="193006">CalculateField Consumo_Energia COD_LOCA "Chapinero" VB #</Process><Process ToolSource="c:\program files (x86)\arcgis\desktop10.5\ArcToolbox\Toolboxes\Data Management Tools.tbx\CalculateField" Date="20201019" Time="193021">CalculateField Consumo_Energia COD_LOCA "Ciudad Bolívar" VB #</Process><Process ToolSource="c:\program files (x86)\arcgis\desktop10.5\ArcToolbox\Toolboxes\Data Management Tools.tbx\CalculateField" Date="20201019" Time="193051">CalculateField Consumo_Energia COD_LOCA "Engativá" VB #</Process><Process ToolSource="c:\program files (x86)\arcgis\desktop10.5\ArcToolbox\Toolboxes\Data Management Tools.tbx\CalculateField" Date="20201019" Time="193114">CalculateField Consumo_Energia COD_LOCA "Fontibón" VB #</Process><Process ToolSource="c:\program files (x86)\arcgis\desktop10.5\ArcToolbox\Toolboxes\Data Management Tools.tbx\CalculateField" Date="20201019" Time="193146">CalculateField Consumo_Energia COD_LOCA "Kennedy" VB #</Process><Process ToolSource="c:\program files (x86)\arcgis\desktop10.5\ArcToolbox\Toolboxes\Data Management Tools.tbx\CalculateField" Date="20201019" Time="193250">CalculateField Consumo_Energia COD_LOCA "La Candelaria" VB #</Process><Process ToolSource="c:\program files (x86)\arcgis\desktop10.5\ArcToolbox\Toolboxes\Data Management Tools.tbx\CalculateField" Date="20201019" Time="193320">CalculateField Consumo_Energia COD_LOCA "Los Mártires" VB #</Process><Process ToolSource="c:\program files (x86)\arcgis\desktop10.5\ArcToolbox\Toolboxes\Data Management Tools.tbx\CalculateField" Date="20201019" Time="193341">CalculateField Consumo_Energia COD_LOCA "Puente Aranda" VB #</Process><Process ToolSource="c:\program files (x86)\arcgis\desktop10.5\ArcToolbox\Toolboxes\Data Management Tools.tbx\CalculateField" Date="20201019" Time="193412">CalculateField Consumo_Energia COD_LOCA "Rafael Uribe Uribe" VB #</Process><Process ToolSource="c:\program files (x86)\arcgis\desktop10.5\ArcToolbox\Toolboxes\Data Management Tools.tbx\CalculateField" Date="20201019" Time="193438">CalculateField Consumo_Energia COD_LOCA "San Cristóbal" VB #</Process><Process ToolSource="c:\program files (x86)\arcgis\desktop10.5\ArcToolbox\Toolboxes\Data Management Tools.tbx\CalculateField" Date="20201019" Time="193501">CalculateField Consumo_Energia COD_LOCA "Santa Fé" VB #</Process><Process ToolSource="c:\program files (x86)\arcgis\desktop10.5\ArcToolbox\Toolboxes\Data Management Tools.tbx\CalculateField" Date="20201019" Time="193520">CalculateField Consumo_Energia COD_LOCA "Suba" VB #</Process><Process ToolSource="c:\program files (x86)\arcgis\desktop10.5\ArcToolbox\Toolboxes\Data Management Tools.tbx\CalculateField" Date="20201019" Time="193545">CalculateField Consumo_Energia COD_LOCA "Sumapaz" VB #</Process><Process ToolSource="c:\program files (x86)\arcgis\desktop10.5\ArcToolbox\Toolboxes\Data Management Tools.tbx\CalculateField" Date="20201019" Time="193602">CalculateField Consumo_Energia COD_LOCA "Teusaquillo" VB #</Process><Process ToolSource="c:\program files (x86)\arcgis\desktop10.5\ArcToolbox\Toolboxes\Data Management Tools.tbx\CalculateField" Date="20201019" Time="193621">CalculateField Consumo_Energia COD_LOCA "Tunjuelito" VB #</Process><Process ToolSource="c:\program files (x86)\arcgis\desktop10.5\ArcToolbox\Toolboxes\Data Management Tools.tbx\CalculateField" Date="20201019" Time="193642">CalculateField Consumo_Energia COD_LOCA "Usaquén" VB #</Process><Process ToolSource="c:\program files (x86)\arcgis\desktop10.5\ArcToolbox\Toolboxes\Data Management Tools.tbx\CalculateField" Date="20201019" Time="193701">CalculateField Consumo_Energia COD_LOCA "Usme" VB #</Process><Process ToolSource="c:\program files (x86)\arcgis\desktop10.5\ArcToolbox\Toolboxes\Data Management Tools.tbx\CalculateField" Date="20201019" Time="194246">CalculateField Consumo_Energia sect "1" VB #</Process><Process ToolSource="c:\program files (x86)\arcgis\desktop10.5\ArcToolbox\Toolboxes\Data Management Tools.tbx\CalculateField" Date="20201019" Time="194258">CalculateField Consumo_Energia sect "2" VB #</Process><Process ToolSource="c:\program files (x86)\arcgis\desktop10.5\ArcToolbox\Toolboxes\Data Management Tools.tbx\CalculateField" Date="20201019" Time="194647">CalculateField Consumo_Energia SECTOR [sect] VB #</Process><Process ToolSource="c:\program files (x86)\arcgis\desktop10.5\ArcToolbox\Toolboxes\Data Management Tools.tbx\CalculateField" Date="20201019" Time="194815">CalculateField Consumo_Energia CLASE_TIPO "1" VB #</Process><Process ToolSource="c:\program files (x86)\arcgis\desktop10.5\ArcToolbox\Toolboxes\Data Management Tools.tbx\CalculateField" Date="20201019" Time="194832">CalculateField Consumo_Energia CLASE_TIPO "4" VB #</Process><Process ToolSource="c:\program files (x86)\arcgis\desktop10.5\ArcToolbox\Toolboxes\Data Management Tools.tbx\CalculateField" Date="20201019" Time="195024">CalculateField Consumo_Energia CALENDARI "1" VB #</Process><Process ToolSource="c:\program files (x86)\arcgis\desktop10.5\ArcToolbox\Toolboxes\Data Management Tools.tbx\CalculateField" Date="20201019" Time="195100">CalculateField Consumo_Energia CALENDARIO [CALENDARI] VB #</Process><Process ToolSource="c:\program files (x86)\arcgis\desktop10.5\ArcToolbox\Toolboxes\Data Management Tools.tbx\CalculateField" Date="20201019" Time="195225">CalculateField Consumo_Energia GENER "1" VB #</Process><Process ToolSource="c:\program files (x86)\arcgis\desktop10.5\ArcToolbox\Toolboxes\Data Management Tools.tbx\CalculateField" Date="20201019" Time="195240">CalculateField Consumo_Energia GENER "5" VB #</Process><Process ToolSource="c:\program files (x86)\arcgis\desktop10.5\ArcToolbox\Toolboxes\Data Management Tools.tbx\CalculateField" Date="20201019" Time="195319">CalculateField Consumo_Energia GENERO [GENER] VB #</Process><Process ToolSource="c:\program files (x86)\arcgis\desktop10.5\ArcToolbox\Toolboxes\Data Management Tools.tbx\CalculateField" Date="20201019" Time="195511">CalculateField Consumo_Energia ATCONSUM_2016 [TOTAL_CONS] VB #</Process><Process ToolSource="c:\program files (x86)\arcgis\desktop10.5\ArcToolbox\Toolboxes\Data Management Tools.tbx\CalculateField" Date="20201019" Time="195735">CalculateField Consumo_Energia ATCONSUM_2017 [TOTAL_CO_1] VB #</Process><Process ToolSource="c:\program files (x86)\arcgis\desktop10.5\ArcToolbox\Toolboxes\Data Management Tools.tbx\CalculateField" Date="20201019" Time="195753">CalculateField Consumo_Energia ATCONSUM_2018 [TOTAL_CO_2] VB #</Process><Process ToolSource="c:\program files (x86)\arcgis\desktop10.5\ArcToolbox\Toolboxes\Data Management Tools.tbx\CalculateField" Date="20201019" Time="195803">CalculateField Consumo_Energia ATCONSUM_2019 [TOTAL_CO_3] VB #</Process><Process ToolSource="c:\program files (x86)\arcgis\desktop10.5\ArcToolbox\Toolboxes\Data Management Tools.tbx\CalculateField" Date="20201019" Time="195955">CalculateField Consumo_Energia APCONSUM_2016 [PROMEDIO_C] VB #</Process><Process ToolSource="c:\program files (x86)\arcgis\desktop10.5\ArcToolbox\Toolboxes\Data Management Tools.tbx\CalculateField" Date="20201019" Time="200011">CalculateField Consumo_Energia APCONSUM_2017 [PROMEDIO_1] VB #</Process><Process ToolSource="c:\program files (x86)\arcgis\desktop10.5\ArcToolbox\Toolboxes\Data Management Tools.tbx\CalculateField" Date="20201019" Time="200018">CalculateField Consumo_Energia APCONSUM_2018 [PROMEDIO_2] VB #</Process><Process ToolSource="c:\program files (x86)\arcgis\desktop10.5\ArcToolbox\Toolboxes\Data Management Tools.tbx\CalculateField" Date="20201019" Time="200028">CalculateField Consumo_Energia APCONSUM_2019 [PROMEDIO_3] VB #</Process><Process ToolSource="c:\program files (x86)\arcgis\desktop10.5\ArcToolbox\Toolboxes\Data Management Tools.tbx\CalculateField" Date="20201019" Time="200735">CalculateField Consumo_Energia Matricula_2016 [n16] VB #</Process><Process ToolSource="c:\program files (x86)\arcgis\desktop10.5\ArcToolbox\Toolboxes\Data Management Tools.tbx\CalculateField" Date="20201019" Time="200742">CalculateField Consumo_Energia Matricula_2017 [n17] VB #</Process><Process ToolSource="c:\program files (x86)\arcgis\desktop10.5\ArcToolbox\Toolboxes\Data Management Tools.tbx\CalculateField" Date="20201019" Time="200749">CalculateField Consumo_Energia Matricula_2018 [n18] VB #</Process><Process ToolSource="c:\program files (x86)\arcgis\desktop10.5\ArcToolbox\Toolboxes\Data Management Tools.tbx\CalculateField" Date="20201019" Time="200756">CalculateField Consumo_Energia Matricula_2019 [n19] VB #</Process><Process ToolSource="c:\program files (x86)\arcgis\desktop10.5\ArcToolbox\Toolboxes\Data Management Tools.tbx\CalculateField" Date="20201019" Time="201032">CalculateField Consumo_Energia ECONS_PERCAPITA_2016 [percapita1] VB #</Process><Process ToolSource="c:\program files (x86)\arcgis\desktop10.5\ArcToolbox\Toolboxes\Data Management Tools.tbx\CalculateField" Date="20201019" Time="201040">CalculateField Consumo_Energia ECONS_PERCAPITA_2017 [percapit_1] VB #</Process><Process ToolSource="c:\program files (x86)\arcgis\desktop10.5\ArcToolbox\Toolboxes\Data Management Tools.tbx\CalculateField" Date="20201019" Time="201048">CalculateField Consumo_Energia ECONS_PERCAPITA_2018 [percapit_2] VB #</Process><Process ToolSource="c:\program files (x86)\arcgis\desktop10.5\ArcToolbox\Toolboxes\Data Management Tools.tbx\CalculateField" Date="20201019" Time="201056">CalculateField Consumo_Energia ECONS_PERCAPITA_2019 [percapit_3] VB #</Process></lineage></DataProperties><SyncDate>20201019</SyncDate><SyncTime>19164800</SyncTime><ModDate>20201019</ModDate><ModTime>19164800</ModTime></Esri><dataIdInfo><envirDesc Sync="TRUE"> Version 6.2 (Build 9200) ; Esri ArcGIS 10.5.0.6491</envirDesc><dataLang><languageCode value="spa" Sync="TRUE"></languageCode><countryCode value="COL" Sync="TRUE"></countryCode></dataLang><idCitation><resTitle Sync="TRUE">Consumo_Energia</resTitle><presForm><PresFormCd value="005" Sync="TRUE"></PresFormCd></presForm></idCitation><spatRpType><SpatRepTypCd value="001" Sync="TRUE"></SpatRepTypCd></spatRpType></dataIdInfo><mdLang><languageCode value="spa" Sync="TRUE"></languageCode><countryCode value="COL" Sync="TRUE"></countryCode></mdLang><distInfo><distFormat><formatName Sync="TRUE">File Geodatabase Feature Class</formatName></distFormat></distInfo><mdHrLv><ScopeCd value="005" Sync="TRUE"></ScopeCd></mdHrLv><mdHrLvName Sync="TRUE">dataset</mdHrLvName><refSysInfo><RefSystem><refSysID><identCode code="3857" Sync="TRUE"></identCode><idCodeSpace Sync="TRUE">EPSG</idCodeSpace><idVersion Sync="TRUE">8.8(9.3.1.2)</idVersion></refSysID></RefSystem></refSysInfo><spatRepInfo><VectSpatRep><geometObjs Name="Consumo_Energia"><geoObjTyp><GeoObjTypCd value="004" Sync="TRUE"></GeoObjTypCd></geoObjTyp><geoObjCnt Sync="TRUE">0</geoObjCnt></geometObjs><topLvl><TopoLevCd value="001" Sync="TRUE"></TopoLevCd></topLvl></VectSpatRep></spatRepInfo><spdoinfo><ptvctinf><esriterm Name="Consumo_Energia"><efeatyp Sync="TRUE">Simple</efeatyp><efeageom code="1" Sync="TRUE"></efeageom><esritopo Sync="TRUE">FALSE</esritopo><efeacnt Sync="TRUE">0</efeacnt><spindex Sync="TRUE">TRUE</spindex><linrefer Sync="TRUE">FALSE</linrefer></esriterm></ptvctinf></spdoinfo><eainfo><detailed Name="Consumo_Energia"><enttyp><enttypl Sync="TRUE">Consumo_Energia</enttypl><enttypt Sync="TRUE">Feature Class</enttypt><enttypc Sync="TRUE">0</enttypc></enttyp><attr><attrlabl Sync="TRUE">OBJECTID</attrlabl><attalias Sync="TRUE">OBJECTID</attalias><attrtype Sync="TRUE">OID</attrtype><attwidth Sync="TRUE">4</attwidth><atprecis Sync="TRUE">0</atprecis><attscale Sync="TRUE">0</attscale><attrdef Sync="TRUE">Internal feature number.</attrdef><attrdefs Sync="TRUE">Esri</attrdefs><attrdomv><udom Sync="TRUE">Sequential unique whole numbers that are automatically generated.</udom></attrdomv></attr><attr><attrlabl Sync="TRUE">Shape</attrlabl><attalias Sync="TRUE">Shape</attalias><attrtype Sync="TRUE">Geometry</attrtype><attwidth Sync="TRUE">0</attwidth><atprecis Sync="TRUE">0</atprecis><attscale Sync="TRUE">0</attscale><attrdef Sync="TRUE">Feature geometry.</attrdef><attrdefs Sync="TRUE">Esri</attrdefs><attrdomv><udom Sync="TRUE">Coordinates defining the features.</udom></attrdomv></attr><attr><attrlabl Sync="TRUE">No_</attrlabl><attalias Sync="TRUE">No_</attalias><attrtype Sync="TRUE">Integer</attrtype><attwidth Sync="TRUE">4</attwidth><atprecis Sync="TRUE">0</atprecis><attscale Sync="TRUE">0</attscale></attr><attr><attrlabl Sync="TRUE">NOMBRE_LOC</attrlabl><attalias Sync="TRUE">NOMBRE_LOC</attalias><attrtype Sync="TRUE">String</attrtype><attwidth Sync="TRUE">254</attwidth><atprecis Sync="TRUE">0</atprecis><attscale Sync="TRUE">0</attscale></attr><attr><attrlabl Sync="TRUE">DANE12_EST</attrlabl><attalias Sync="TRUE">DANE12_EST</attalias><attrtype Sync="TRUE">Double</attrtype><attwidth Sync="TRUE">8</attwidth><atprecis Sync="TRUE">0</atprecis><attscale Sync="TRUE">0</attscale></attr><attr><attrlabl Sync="TRUE">NOMBRE_EST</attrlabl><attalias Sync="TRUE">NOMBRE_EST</attalias><attrtype Sync="TRUE">String</attrtype><attwidth Sync="TRUE">254</attwidth><atprecis Sync="TRUE">0</atprecis><attscale Sync="TRUE">0</attscale></attr><attr><attrlabl Sync="TRUE">DANE12_SED</attrlabl><attalias Sync="TRUE">DANE12_SED</attalias><attrtype Sync="TRUE">Double</attrtype><attwidth Sync="TRUE">8</attwidth><atprecis Sync="TRUE">0</atprecis><attscale Sync="TRUE">0</attscale></attr><attr><attrlabl Sync="TRUE">NOMBRE_SED</attrlabl><attalias Sync="TRUE">NOMBRE_SED</attalias><attrtype Sync="TRUE">String</attrtype><attwidth Sync="TRUE">254</attwidth><atprecis Sync="TRUE">0</atprecis><attscale Sync="TRUE">0</attscale></attr><attr><attrlabl Sync="TRUE">SECTOR</attrlabl><attalias Sync="TRUE">SECTOR</attalias><attrtype Sync="TRUE">String</attrtype><attwidth Sync="TRUE">254</attwidth><atprecis Sync="TRUE">0</atprecis><attscale Sync="TRUE">0</attscale></attr><attr><attrlabl Sync="TRUE">CLASE</attrlabl><attalias Sync="TRUE">CLASE</attalias><attrtype Sync="TRUE">String</attrtype><attwidth Sync="TRUE">254</attwidth><atprecis Sync="TRUE">0</atprecis><attscale Sync="TRUE">0</attscale></attr><attr><attrlabl Sync="TRUE">ZONA</attrlabl><attalias Sync="TRUE">ZONA</attalias><attrtype Sync="TRUE">String</attrtype><attwidth Sync="TRUE">254</attwidth><atprecis Sync="TRUE">0</atprecis><attscale Sync="TRUE">0</attscale></attr><attr><attrlabl Sync="TRUE">CALENDARIO</attrlabl><attalias Sync="TRUE">CALENDARIO</attalias><attrtype Sync="TRUE">String</attrtype><attwidth Sync="TRUE">254</attwidth><atprecis Sync="TRUE">0</atprecis><attscale Sync="TRUE">0</attscale></attr><attr><attrlabl Sync="TRUE">GENERO</attrlabl><attalias Sync="TRUE">GENERO</attalias><attrtype Sync="TRUE">String</attrtype><attwidth Sync="TRUE">254</attwidth><atprecis Sync="TRUE">0</atprecis><attscale Sync="TRUE">0</attscale></attr><attr><attrlabl Sync="TRUE">CARACTER_P</attrlabl><attalias Sync="TRUE">CARACTER_P</attalias><attrtype Sync="TRUE">String</attrtype><attwidth Sync="TRUE">254</attwidth><atprecis Sync="TRUE">0</atprecis><attscale Sync="TRUE">0</attscale></attr><attr><attrlabl Sync="TRUE">TOTAL_CONS</attrlabl><attalias Sync="TRUE">TOTAL_CONS</attalias><attrtype Sync="TRUE">Integer</attrtype><attwidth Sync="TRUE">4</attwidth><atprecis Sync="TRUE">0</atprecis><attscale Sync="TRUE">0</attscale></attr><attr><attrlabl Sync="TRUE">PROMEDIO_C</attrlabl><attalias Sync="TRUE">PROMEDIO_C</attalias><attrtype Sync="TRUE">Double</attrtype><attwidth Sync="TRUE">8</attwidth><atprecis Sync="TRUE">0</atprecis><attscale Sync="TRUE">0</attscale></attr><attr><attrlabl Sync="TRUE">TOTAL_CO_1</attrlabl><attalias Sync="TRUE">TOTAL_CO_1</attalias><attrtype Sync="TRUE">Double</attrtype><attwidth Sync="TRUE">8</attwidth><atprecis Sync="TRUE">0</atprecis><attscale Sync="TRUE">0</attscale></attr><attr><attrlabl Sync="TRUE">PROMEDIO_1</attrlabl><attalias Sync="TRUE">PROMEDIO_1</attalias><attrtype Sync="TRUE">Double</attrtype><attwidth Sync="TRUE">8</attwidth><atprecis Sync="TRUE">0</atprecis><attscale Sync="TRUE">0</attscale></attr><attr><attrlabl Sync="TRUE">TOTAL_CO_2</attrlabl><attalias Sync="TRUE">TOTAL_CO_2</attalias><attrtype Sync="TRUE">Integer</attrtype><attwidth Sync="TRUE">4</attwidth><atprecis Sync="TRUE">0</atprecis><attscale Sync="TRUE">0</attscale></attr><attr><attrlabl Sync="TRUE">PROMEDIO_2</attrlabl><attalias Sync="TRUE">PROMEDIO_2</attalias><attrtype Sync="TRUE">Double</attrtype><attwidth Sync="TRUE">8</attwidth><atprecis Sync="TRUE">0</atprecis><attscale Sync="TRUE">0</attscale></attr><attr><attrlabl Sync="TRUE">TOTAL_CO_3</attrlabl><attalias Sync="TRUE">TOTAL_CO_3</attalias><attrtype Sync="TRUE">Integer</attrtype><attwidth Sync="TRUE">4</attwidth><atprecis Sync="TRUE">0</atprecis><attscale Sync="TRUE">0</attscale></attr><attr><attrlabl Sync="TRUE">PROMEDIO_3</attrlabl><attalias Sync="TRUE">PROMEDIO_3</attalias><attrtype Sync="TRUE">Double</attrtype><attwidth Sync="TRUE">8</attwidth><atprecis Sync="TRUE">0</atprecis><attscale Sync="TRUE">0</attscale></attr><attr><attrlabl Sync="TRUE">TOTAL_CO_4</attrlabl><attalias Sync="TRUE">TOTAL_CO_4</attalias><attrtype Sync="TRUE">Integer</attrtype><attwidth Sync="TRUE">4</attwidth><atprecis Sync="TRUE">0</atprecis><attscale Sync="TRUE">0</attscale></attr><attr><attrlabl Sync="TRUE">PROMEDIO_4</attrlabl><attalias Sync="TRUE">PROMEDIO_4</attalias><attrtype Sync="TRUE">Integer</attrtype><attwidth Sync="TRUE">4</attwidth><atprecis Sync="TRUE">0</atprecis><attscale Sync="TRUE">0</attscale></attr><attr><attrlabl Sync="TRUE">n16</attrlabl><attalias Sync="TRUE">n16</attalias><attrtype Sync="TRUE">Integer</attrtype><attwidth Sync="TRUE">4</attwidth><atprecis Sync="TRUE">0</atprecis><attscale Sync="TRUE">0</attscale></attr><attr><attrlabl Sync="TRUE">n17</attrlabl><attalias Sync="TRUE">n17</attalias><attrtype Sync="TRUE">Integer</attrtype><attwidth Sync="TRUE">4</attwidth><atprecis Sync="TRUE">0</atprecis><attscale Sync="TRUE">0</attscale></attr><attr><attrlabl Sync="TRUE">n18</attrlabl><attalias Sync="TRUE">n18</attalias><attrtype Sync="TRUE">Integer</attrtype><attwidth Sync="TRUE">4</attwidth><atprecis Sync="TRUE">0</atprecis><attscale Sync="TRUE">0</attscale></attr><attr><attrlabl Sync="TRUE">n19</attrlabl><attalias Sync="TRUE">n19</attalias><attrtype Sync="TRUE">Integer</attrtype><attwidth Sync="TRUE">4</attwidth><atprecis Sync="TRUE">0</atprecis><attscale Sync="TRUE">0</attscale></attr><attr><attrlabl Sync="TRUE">percapita1</attrlabl><attalias Sync="TRUE">percapita1</attalias><attrtype Sync="TRUE">Double</attrtype><attwidth Sync="TRUE">8</attwidth><atprecis Sync="TRUE">0</atprecis><attscale Sync="TRUE">0</attscale></attr><attr><attrlabl Sync="TRUE">percapit_1</attrlabl><attalias Sync="TRUE">percapit_1</attalias><attrtype Sync="TRUE">Double</attrtype><attwidth Sync="TRUE">8</attwidth><atprecis Sync="TRUE">0</atprecis><attscale Sync="TRUE">0</attscale></attr><attr><attrlabl Sync="TRUE">percapit_2</attrlabl><attalias Sync="TRUE">percapit_2</attalias><attrtype Sync="TRUE">Double</attrtype><attwidth Sync="TRUE">8</attwidth><atprecis Sync="TRUE">0</atprecis><attscale Sync="TRUE">0</attscale></attr><attr><attrlabl Sync="TRUE">percapit_3</attrlabl><attalias Sync="TRUE">percapit_3</attalias><attrtype Sync="TRUE">Double</attrtype><attwidth Sync="TRUE">8</attwidth><atprecis Sync="TRUE">0</atprecis><attscale Sync="TRUE">0</attscale></attr></detailed></eainfo><mdDateSt Sync="TRUE">20201019</mdDateSt></metadata>
