<?xml version="1.0" encoding="UTF-8"?>
<metadata xml:lang="es"><Esri><CreaDate>20201216</CreaDate><CreaTime>12545800</CreaTime><ArcGISFormat>1.0</ArcGISFormat><SyncOnce>FALSE</SyncOnce><DataProperties><lineage><Process ToolSource="c:\program files (x86)\arcgis\desktop10.6\ArcToolbox\Toolboxes\Data Management Tools.tbx\CalculateField" Date="20200603" Time="094355">CalculateField Terri_Loc_2019 VIGENCIA "2019" VB #</Process><Process ToolSource="c:\program files (x86)\arcgis\desktop10.5\ArcToolbox\Toolboxes\Conversion Tools.tbx\FeatureClassToFeatureClass" Date="20200612" Time="105032">FeatureClassToFeatureClass Benef_Alim_Transp_Loc_2019 "D:\Ana Ju\Documents\Ana Julier Fonseca\SDEDUCACIÓN\INFORMACIÓN _G\IDECA\Entrega_22062020\SED2020.gdb\Servicios_Educativos" Beneficiarios_Alimentacion_Movilidad # "LocNombre "LocNombre" true true false 50 Text 0 0 ,First,#,Benef_Alim_Transp_Loc_2019,LocNombre,-1,-1;LocCodigo "LocCodigo" true true false 2 Text 0 0 ,First,#,Benef_Alim_Transp_Loc_2019,LocCodigo,-1,-1;VIGENCIA "VIGENCIA" true true false 10 Long 0 10 ,First,#,Benef_Alim_Transp_Loc_2019,VIGENCIA,-1,-1;Alimentaci "Alimentaci" true true false 19 Double 0 0 ,First,#,Benef_Alim_Transp_Loc_2019,Alimentaci,-1,-1;Movilidad "Movilidad" true true false 19 Double 0 0 ,First,#,Benef_Alim_Transp_Loc_2019,Movilidad,-1,-1" #</Process><Process ToolSource="c:\program files (x86)\arcgis\desktop10.5\ArcToolbox\Toolboxes\Data Management Tools.tbx\CalculateField" Date="20200612" Time="111124">CalculateField "Servicios Educativos\Beneficiarios Alimentación y Movilidad 2019" B_Alimentacion [Alimentaci] VB #</Process><Process ToolSource="c:\program files (x86)\arcgis\desktop10.5\ArcToolbox\Toolboxes\Data Management Tools.tbx\CalculateField" Date="20200612" Time="111147">CalculateField "Servicios Educativos\Beneficiarios Alimentación y Movilidad 2019" B_Movilidad [Movilidad] VB #</Process><Process ToolSource="c:\program files (x86)\arcgis\desktop10.5\ArcToolbox\Toolboxes\Data Management Tools.tbx\CalculateField" Date="20200612" Time="111220">CalculateField "Servicios Educativos\Beneficiarios Alimentación y Movilidad 2019" COD_LOCA [LocCodigo] VB #</Process><Process ToolSource="c:\program files (x86)\arcgis\desktop10.5\ArcToolbox\Toolboxes\Data Management Tools.tbx\CalculateField" Date="20200612" Time="111328">CalculateField "Servicios Educativos\Beneficiarios Alimentación y Movilidad 2019" Fecha "31/12/2019" VB #</Process><Process ToolSource="c:\program files (x86)\arcgis\desktop10.5\ArcToolbox\Toolboxes\Data Management Tools.tbx\CalculateField" Date="20200804" Time="155522">CalculateField Beneficiarios_Alimentacion_Movilidad_31052020 Fecha "31/05/2020" VB #</Process><Process ToolSource="c:\program files (x86)\arcgis\desktop10.5\ArcToolbox\Toolboxes\Data Management Tools.tbx\CalculateField" Date="20200804" Time="161721">CalculateField Beneficiarios_Alimentacion_Movilidad_31052020 B_Alimentacion "0" VB #</Process><Process ToolSource="c:\program files (x86)\arcgis\desktop10.5\ArcToolbox\Toolboxes\Data Management Tools.tbx\CalculateField" Date="20200804" Time="161726">CalculateField Beneficiarios_Alimentacion_Movilidad_31052020 B_Movilidad "0" VB #</Process><Process ToolSource="c:\program files (x86)\arcgis\desktop10.5\ArcToolbox\Toolboxes\Data Management Tools.tbx\CalculateField" Date="20200804" Time="165348">CalculateField Beneficiarios_Alimentacion_Movilidad_31052020 B_Alimentacion [B_Movilidad] VB #</Process><Process ToolSource="c:\program files (x86)\arcgis\desktop10.5\ArcToolbox\Toolboxes\Data Management Tools.tbx\CalculateField" Date="20200804" Time="165357">CalculateField Beneficiarios_Alimentacion_Movilidad_31052020 B_Movilidad "0" VB #</Process><Process ToolSource="c:\program files (x86)\arcgis\desktop10.5\ArcToolbox\Toolboxes\Conversion Tools.tbx\FeatureClassToFeatureClass" Date="20200811" Time="160946">FeatureClassToFeatureClass "Servicios Educativos\Beneficiarios Alimentación 2020" "D:\Ana Ju\Documents\Ana Julier Fonseca\SDEDUCACIÓN\INFORMACIÓN _G\IDECA\Entrega_14082020\SED2020.gdb\SistemaAlertas" Reporte_Sistema_Alertas_Localidad # "B_Alimentacion "Beneficiarios por Alimentación" true true false 8 Double 0 0 ,First,#,Servicios Educativos\Beneficiarios Alimentación 2020,B_Alimentacion,-1,-1;COD_LOCA "Nombre de la Localidad" true true false 2 Short 0 0 ,First,#,Servicios Educativos\Beneficiarios Alimentación 2020,COD_LOCA,-1,-1;Fecha "Fecha" true true false 8 Date 0 0 ,First,#,Servicios Educativos\Beneficiarios Alimentación 2020,Fecha,-1,-1;Shape_Length "Shape_Length" false true true 8 Double 0 0 ,First,#,Servicios Educativos\Beneficiarios Alimentación 2020,Shape_Length,-1,-1;Shape_Area "Shape_Area" false true true 8 Double 0 0 ,First,#,Servicios Educativos\Beneficiarios Alimentación 2020,Shape_Area,-1,-1" #</Process><Process ToolSource="c:\program files (x86)\arcgis\desktop10.5\ArcToolbox\Toolboxes\Data Management Tools.tbx\CalculateField" Date="20200811" Time="164928">CalculateField "Sistema de alertas\Reporte_Sistema_Alertas_Localidad" Fecha "30/06/2020" VB #</Process><Process ToolSource="c:\program files (x86)\arcgis\desktop10.5\ArcToolbox\Toolboxes\Conversion Tools.tbx\FeatureClassToFeatureClass" Date="20200811" Time="172753">FeatureClassToFeatureClass "Sistema de alertas\Reporte_Sistema_Alertas_Localidad" "D:\Ana Ju\Documents\Ana Julier Fonseca\SDEDUCACIÓN\INFORMACIÓN _G\IDECA\Entrega_14082020\SED2020.gdb\SistemaAlertas" Tasa_Sistema_Alertas_Localidad # "COD_LOCA "Nombre de la Localidad" true true false 2 Short 0 0 ,First,#,Sistema de alertas\Reporte_Sistema_Alertas_Localidad,COD_LOCA,-1,-1;Fecha "Fecha" true true false 8 Date 0 0 ,First,#,Sistema de alertas\Reporte_Sistema_Alertas_Localidad,Fecha,-1,-1;Abuso_y_Violencia "Abuso_y_Violencia" true true false 2 Short 0 0 ,First,#,Sistema de alertas\Reporte_Sistema_Alertas_Localidad,Abuso_y_Violencia,-1,-1;Accidentalidad "Accidentalidad" true true false 2 Short 0 0 ,First,#,Sistema de alertas\Reporte_Sistema_Alertas_Localidad,Accidentalidad,-1,-1;Consulta_Suicida "Consulta_Suicida" true true false 2 Short 0 0 ,First,#,Sistema de alertas\Reporte_Sistema_Alertas_Localidad,Consulta_Suicida,-1,-1;Consumo_PSA "Consumo_PSA" true true false 2 Short 0 0 ,First,#,Sistema de alertas\Reporte_Sistema_Alertas_Localidad,Consumo_PSA,-1,-1;Maternidad_y_Paternidad "Maternidad_y_Paternidad" true true false 2 Short 0 0 ,First,#,Sistema de alertas\Reporte_Sistema_Alertas_Localidad,Maternidad_y_Paternidad,-1,-1;Trastornos_Aprendizaje "Trastornos_Aprendizaje" true true false 2 Short 0 0 ,First,#,Sistema de alertas\Reporte_Sistema_Alertas_Localidad,Trastornos_Aprendizaje,-1,-1;Total "Total" true true false 2 Short 0 0 ,First,#,Sistema de alertas\Reporte_Sistema_Alertas_Localidad,Total,-1,-1" #</Process><Process ToolSource="c:\program files (x86)\arcgis\desktop10.5\ArcToolbox\Toolboxes\Data Management Tools.tbx\CalculateField" Date="20200811" Time="175456">CalculateField "Sistema de alertas\Tasa_Sistema_Alertas_Localidad" Abuso_y_Violencia "0" VB #</Process><Process ToolSource="c:\program files (x86)\arcgis\desktop10.5\ArcToolbox\Toolboxes\Data Management Tools.tbx\CalculateField" Date="20200811" Time="175501">CalculateField "Sistema de alertas\Tasa_Sistema_Alertas_Localidad" Accidentalidad "0" VB #</Process><Process ToolSource="c:\program files (x86)\arcgis\desktop10.5\ArcToolbox\Toolboxes\Data Management Tools.tbx\CalculateField" Date="20200811" Time="175506">CalculateField "Sistema de alertas\Tasa_Sistema_Alertas_Localidad" Consulta_Suicida "0" VB #</Process><Process ToolSource="c:\program files (x86)\arcgis\desktop10.5\ArcToolbox\Toolboxes\Data Management Tools.tbx\CalculateField" Date="20200811" Time="175511">CalculateField "Sistema de alertas\Tasa_Sistema_Alertas_Localidad" Consumo_PSA "0" VB #</Process><Process ToolSource="c:\program files (x86)\arcgis\desktop10.5\ArcToolbox\Toolboxes\Data Management Tools.tbx\CalculateField" Date="20200811" Time="175517">CalculateField "Sistema de alertas\Tasa_Sistema_Alertas_Localidad" Maternidad_y_Paternidad "0" VB #</Process><Process ToolSource="c:\program files (x86)\arcgis\desktop10.5\ArcToolbox\Toolboxes\Data Management Tools.tbx\CalculateField" Date="20200811" Time="175522">CalculateField "Sistema de alertas\Tasa_Sistema_Alertas_Localidad" Trastornos_Aprendizaje "0" VB #</Process><Process ToolSource="c:\program files (x86)\arcgis\desktop10.5\ArcToolbox\Toolboxes\Data Management Tools.tbx\CalculateField" Date="20200811" Time="175527">CalculateField "Sistema de alertas\Tasa_Sistema_Alertas_Localidad" Total "0" VB #</Process><Process ToolSource="c:\program files (x86)\arcgis\desktop10.5\ArcToolbox\Toolboxes\Data Management Tools.tbx\CalculateField" Date="20200911" Time="193514">CalculateField "Formación Docentes\Formación_Docentes_Localidad" TOTAL_M "[DOC_M] + [MGS_M] + [ESP_M] + [PROF_M] + [NORM_M] + [BACH_M] + [TEC_M] + [OTRO_M]" VB #</Process><Process ToolSource="c:\program files (x86)\arcgis\desktop10.5\ArcToolbox\Toolboxes\Data Management Tools.tbx\CalculateField" Date="20200911" Time="193555">CalculateField "Formación Docentes\Formación_Docentes_Localidad" TOTAL_H "[DOC_H] + [MGS_H] + [ESP_H] + [PROF_H] + [NORM_H] + [BACH_H] + [TEC_H] + [OTRO_H]" VB #</Process><Process ToolSource="c:\program files (x86)\arcgis\desktop10.5\ArcToolbox\Toolboxes\Data Management Tools.tbx\CalculateField" Date="20200911" Time="193626">CalculateField "Formación Docentes\Formación_Docentes_Localidad" TOTAL_DOC "[TOTAL_M] + [TOTAL_H]" VB #</Process><Process ToolSource="c:\program files (x86)\arcgis\desktop10.8\ArcToolbox\Toolboxes\Data Management Tools.tbx\CalculateField" Date="20201028" Time="163353">CalculateField "Formación de Docentes por Localidad" TOTAL_DOC "0" VB #</Process><Process ToolSource="c:\program files (x86)\arcgis\desktop10.8\ArcToolbox\Toolboxes\Data Management Tools.tbx\CalculateField" Date="20201028" Time="163852">CalculateField "Formación de Docentes por Localidad" DOC_M "0" VB #</Process><Process ToolSource="c:\program files (x86)\arcgis\desktop10.8\ArcToolbox\Toolboxes\Data Management Tools.tbx\CalculateField" Date="20201028" Time="163858">CalculateField "Formación de Docentes por Localidad" DOC_H "0" VB #</Process><Process ToolSource="c:\program files (x86)\arcgis\desktop10.8\ArcToolbox\Toolboxes\Data Management Tools.tbx\CalculateField" Date="20201028" Time="163902">CalculateField "Formación de Docentes por Localidad" MGS_M "0" VB #</Process><Process ToolSource="c:\program files (x86)\arcgis\desktop10.8\ArcToolbox\Toolboxes\Data Management Tools.tbx\CalculateField" Date="20201028" Time="163907">CalculateField "Formación de Docentes por Localidad" MGS_H "0" VB #</Process><Process ToolSource="c:\program files (x86)\arcgis\desktop10.8\ArcToolbox\Toolboxes\Data Management Tools.tbx\CalculateField" Date="20201028" Time="163913">CalculateField "Formación de Docentes por Localidad" PROF_M "0" VB #</Process><Process ToolSource="c:\program files (x86)\arcgis\desktop10.8\ArcToolbox\Toolboxes\Data Management Tools.tbx\CalculateField" Date="20201028" Time="163920">CalculateField "Formación de Docentes por Localidad" ESP_H "0" VB #</Process><Process ToolSource="c:\program files (x86)\arcgis\desktop10.8\ArcToolbox\Toolboxes\Data Management Tools.tbx\CalculateField" Date="20201028" Time="163927">CalculateField "Formación de Docentes por Localidad" ESP_M "0" VB #</Process><Process ToolSource="c:\program files (x86)\arcgis\desktop10.8\ArcToolbox\Toolboxes\Data Management Tools.tbx\CalculateField" Date="20201028" Time="163933">CalculateField "Formación de Docentes por Localidad" PROF_H "0" VB #</Process><Process ToolSource="c:\program files (x86)\arcgis\desktop10.8\ArcToolbox\Toolboxes\Data Management Tools.tbx\CalculateField" Date="20201028" Time="163940">CalculateField "Formación de Docentes por Localidad" NORM_M "0" VB #</Process><Process ToolSource="c:\program files (x86)\arcgis\desktop10.8\ArcToolbox\Toolboxes\Data Management Tools.tbx\CalculateField" Date="20201028" Time="163946">CalculateField "Formación de Docentes por Localidad" NORM_H "0" VB #</Process><Process ToolSource="c:\program files (x86)\arcgis\desktop10.8\ArcToolbox\Toolboxes\Data Management Tools.tbx\CalculateField" Date="20201028" Time="163952">CalculateField "Formación de Docentes por Localidad" TEC_M "0" VB #</Process><Process ToolSource="c:\program files (x86)\arcgis\desktop10.8\ArcToolbox\Toolboxes\Data Management Tools.tbx\CalculateField" Date="20201028" Time="163956">CalculateField "Formación de Docentes por Localidad" BACH_H "0" VB #</Process><Process ToolSource="c:\program files (x86)\arcgis\desktop10.8\ArcToolbox\Toolboxes\Data Management Tools.tbx\CalculateField" Date="20201028" Time="164002">CalculateField "Formación de Docentes por Localidad" BACH_M "0" VB #</Process><Process ToolSource="c:\program files (x86)\arcgis\desktop10.8\ArcToolbox\Toolboxes\Data Management Tools.tbx\CalculateField" Date="20201028" Time="164008">CalculateField "Formación de Docentes por Localidad" TEC_H "0" VB #</Process><Process ToolSource="c:\program files (x86)\arcgis\desktop10.8\ArcToolbox\Toolboxes\Data Management Tools.tbx\CalculateField" Date="20201028" Time="164013">CalculateField "Formación de Docentes por Localidad" OTRO_M "0" VB #</Process><Process ToolSource="c:\program files (x86)\arcgis\desktop10.8\ArcToolbox\Toolboxes\Data Management Tools.tbx\CalculateField" Date="20201028" Time="164017">CalculateField "Formación de Docentes por Localidad" OTRO_H "0" VB #</Process><Process ToolSource="c:\program files (x86)\arcgis\desktop10.8\ArcToolbox\Toolboxes\Data Management Tools.tbx\CalculateField" Date="20201028" Time="164021">CalculateField "Formación de Docentes por Localidad" TOTAL_M "0" VB #</Process><Process ToolSource="c:\program files (x86)\arcgis\desktop10.8\ArcToolbox\Toolboxes\Data Management Tools.tbx\CalculateField" Date="20201028" Time="164027">CalculateField "Formación de Docentes por Localidad" TOTAL_H "0" VB #</Process><Process ToolSource="c:\program files (x86)\arcgis\desktop10.5\ArcToolbox\Toolboxes\Data Management Tools.tbx\CalculateField" Date="20201113" Time="130531">CalculateField "Formación de docentes por localidad" COD_LOCA1 [COD_LOCA] VB #</Process><Process ToolSource="c:\program files (x86)\arcgis\desktop10.5\ArcToolbox\Toolboxes\Data Management Tools.tbx\CalculateField" Date="20201113" Time="130744">CalculateField "Formación de docentes por localidad" COD_LOCA [COD_LOCA1] VB #</Process></lineage><itemProps><itemName Sync="TRUE">Tasa_Sistema_Alertas_Localidad</itemName><imsContentType Sync="TRUE">002</imsContentType><itemLocation><linkage Sync="TRUE">file://\\IDECAM710S8EZA\D$\Contenedor\Users\dcarvajal\Documents\OPERATIVO\2020\Datos temáticos\SED\2-Ajustados\Datos\2020SED_BDLocal\SED2020.gdb</linkage><protocol Sync="TRUE">Local Area Network</protocol></itemLocation></itemProps><coordRef><type Sync="TRUE">Projected</type><geogcsn Sync="TRUE">GCS_WGS_1984</geogcsn><csUnits Sync="TRUE">Linear Unit: Meter (1.000000)</csUnits><projcsn Sync="TRUE">WGS_1984_Web_Mercator_Auxiliary_Sphere</projcsn><peXml Sync="TRUE">&lt;ProjectedCoordinateSystem xsi:type='typens:ProjectedCoordinateSystem' xmlns:xsi='http://www.w3.org/2001/XMLSchema-instance' xmlns:xs='http://www.w3.org/2001/XMLSchema' xmlns:typens='http://www.esri.com/schemas/ArcGIS/10.5'&gt;&lt;WKT&gt;PROJCS[&amp;quot;WGS_1984_Web_Mercator_Auxiliary_Sphere&amp;quot;,GEOGCS[&amp;quot;GCS_WGS_1984&amp;quot;,DATUM[&amp;quot;D_WGS_1984&amp;quot;,SPHEROID[&amp;quot;WGS_1984&amp;quot;,6378137.0,298.257223563]],PRIMEM[&amp;quot;Greenwich&amp;quot;,0.0],UNIT[&amp;quot;Degree&amp;quot;,0.0174532925199433]],PROJECTION[&amp;quot;Mercator_Auxiliary_Sphere&amp;quot;],PARAMETER[&amp;quot;False_Easting&amp;quot;,0.0],PARAMETER[&amp;quot;False_Northing&amp;quot;,0.0],PARAMETER[&amp;quot;Central_Meridian&amp;quot;,0.0],PARAMETER[&amp;quot;Standard_Parallel_1&amp;quot;,0.0],PARAMETER[&amp;quot;Auxiliary_Sphere_Type&amp;quot;,0.0],UNIT[&amp;quot;Meter&amp;quot;,1.0],AUTHORITY[&amp;quot;EPSG&amp;quot;,3857]]&lt;/WKT&gt;&lt;XOrigin&gt;-20037700&lt;/XOrigin&gt;&lt;YOrigin&gt;-30241100&lt;/YOrigin&gt;&lt;XYScale&gt;10000&lt;/XYScale&gt;&lt;ZOrigin&gt;-100000&lt;/ZOrigin&gt;&lt;ZScale&gt;10000&lt;/ZScale&gt;&lt;MOrigin&gt;-100000&lt;/MOrigin&gt;&lt;MScale&gt;10000&lt;/MScale&gt;&lt;XYTolerance&gt;0.001&lt;/XYTolerance&gt;&lt;ZTolerance&gt;0.001&lt;/ZTolerance&gt;&lt;MTolerance&gt;0.001&lt;/MTolerance&gt;&lt;HighPrecision&gt;true&lt;/HighPrecision&gt;&lt;WKID&gt;102100&lt;/WKID&gt;&lt;LatestWKID&gt;3857&lt;/LatestWKID&gt;&lt;/ProjectedCoordinateSystem&gt;</peXml></coordRef></DataProperties><SyncDate>20200811</SyncDate><SyncTime>17275000</SyncTime><ModDate>20200811</ModDate><ModTime>17275000</ModTime></Esri><dataIdInfo><envirDesc Sync="TRUE"> Version 6.2 (Build 9200) ; Esri ArcGIS 10.5.0.6491</envirDesc><dataLang><languageCode value="spa" Sync="TRUE"></languageCode><countryCode value="COL" Sync="TRUE"></countryCode></dataLang><idCitation><resTitle Sync="TRUE">Tasa_Sistema_Alertas_Localidad</resTitle><presForm><PresFormCd value="005" Sync="TRUE"></PresFormCd></presForm></idCitation><spatRpType><SpatRepTypCd value="001" Sync="TRUE"></SpatRepTypCd></spatRpType></dataIdInfo><mdLang><languageCode value="spa" Sync="TRUE"></languageCode><countryCode value="COL" Sync="TRUE"></countryCode></mdLang><distInfo><distFormat><formatName Sync="TRUE">File Geodatabase Feature Class</formatName></distFormat></distInfo><mdHrLv><ScopeCd value="005" Sync="TRUE"></ScopeCd></mdHrLv><mdHrLvName Sync="TRUE">dataset</mdHrLvName><refSysInfo><RefSystem><refSysID><identCode code="3857" Sync="TRUE"></identCode><idCodeSpace Sync="TRUE">EPSG</idCodeSpace><idVersion Sync="TRUE">8.8(9.3.1.2)</idVersion></refSysID></RefSystem></refSysInfo><spatRepInfo><VectSpatRep><geometObjs Name="Tasa_Sistema_Alertas_Localidad"><geoObjTyp><GeoObjTypCd value="002" Sync="TRUE"></GeoObjTypCd></geoObjTyp><geoObjCnt Sync="TRUE">0</geoObjCnt></geometObjs><topLvl><TopoLevCd value="001" Sync="TRUE"></TopoLevCd></topLvl></VectSpatRep></spatRepInfo><spdoinfo><ptvctinf><esriterm Name="Tasa_Sistema_Alertas_Localidad"><efeatyp Sync="TRUE">Simple</efeatyp><efeageom code="4" Sync="TRUE"></efeageom><esritopo Sync="TRUE">FALSE</esritopo><efeacnt Sync="TRUE">0</efeacnt><spindex Sync="TRUE">TRUE</spindex><linrefer Sync="TRUE">FALSE</linrefer></esriterm></ptvctinf></spdoinfo><eainfo><detailed Name="Tasa_Sistema_Alertas_Localidad"><enttyp><enttypl Sync="TRUE">Tasa_Sistema_Alertas_Localidad</enttypl><enttypt Sync="TRUE">Feature Class</enttypt><enttypc Sync="TRUE">0</enttypc></enttyp><attr><attrlabl Sync="TRUE">OBJECTID</attrlabl><attalias Sync="TRUE">OBJECTID</attalias><attrtype Sync="TRUE">OID</attrtype><attwidth Sync="TRUE">4</attwidth><atprecis Sync="TRUE">0</atprecis><attscale Sync="TRUE">0</attscale><attrdef Sync="TRUE">Internal feature number.</attrdef><attrdefs Sync="TRUE">Esri</attrdefs><attrdomv><udom Sync="TRUE">Sequential unique whole numbers that are automatically generated.</udom></attrdomv></attr><attr><attrlabl Sync="TRUE">Shape</attrlabl><attalias Sync="TRUE">Shape</attalias><attrtype Sync="TRUE">Geometry</attrtype><attwidth Sync="TRUE">0</attwidth><atprecis Sync="TRUE">0</atprecis><attscale Sync="TRUE">0</attscale><attrdef Sync="TRUE">Feature geometry.</attrdef><attrdefs Sync="TRUE">Esri</attrdefs><attrdomv><udom Sync="TRUE">Coordinates defining the features.</udom></attrdomv></attr><attr><attrlabl Sync="TRUE">COD_LOCA</attrlabl><attalias Sync="TRUE">Nombre de la Localidad</attalias><attrtype Sync="TRUE">SmallInteger</attrtype><attwidth Sync="TRUE">2</attwidth><atprecis Sync="TRUE">0</atprecis><attscale Sync="TRUE">0</attscale></attr><attr><attrlabl Sync="TRUE">Fecha</attrlabl><attalias Sync="TRUE">Fecha</attalias><attrtype Sync="TRUE">Date</attrtype><attwidth Sync="TRUE">8</attwidth><atprecis Sync="TRUE">0</atprecis><attscale Sync="TRUE">0</attscale></attr><attr><attrlabl Sync="TRUE">Abuso_y_Violencia</attrlabl><attalias Sync="TRUE">Abuso_y_Violencia</attalias><attrtype Sync="TRUE">SmallInteger</attrtype><attwidth Sync="TRUE">2</attwidth><atprecis Sync="TRUE">0</atprecis><attscale Sync="TRUE">0</attscale></attr><attr><attrlabl Sync="TRUE">Accidentalidad</attrlabl><attalias Sync="TRUE">Accidentalidad</attalias><attrtype Sync="TRUE">SmallInteger</attrtype><attwidth Sync="TRUE">2</attwidth><atprecis Sync="TRUE">0</atprecis><attscale Sync="TRUE">0</attscale></attr><attr><attrlabl Sync="TRUE">Consulta_Suicida</attrlabl><attalias Sync="TRUE">Consulta_Suicida</attalias><attrtype Sync="TRUE">SmallInteger</attrtype><attwidth Sync="TRUE">2</attwidth><atprecis Sync="TRUE">0</atprecis><attscale Sync="TRUE">0</attscale></attr><attr><attrlabl Sync="TRUE">Consumo_PSA</attrlabl><attalias Sync="TRUE">Consumo_PSA</attalias><attrtype Sync="TRUE">SmallInteger</attrtype><attwidth Sync="TRUE">2</attwidth><atprecis Sync="TRUE">0</atprecis><attscale Sync="TRUE">0</attscale></attr><attr><attrlabl Sync="TRUE">Maternidad_y_Paternidad</attrlabl><attalias Sync="TRUE">Maternidad_y_Paternidad</attalias><attrtype Sync="TRUE">SmallInteger</attrtype><attwidth Sync="TRUE">2</attwidth><atprecis Sync="TRUE">0</atprecis><attscale Sync="TRUE">0</attscale></attr><attr><attrlabl Sync="TRUE">Trastornos_Aprendizaje</attrlabl><attalias Sync="TRUE">Trastornos_Aprendizaje</attalias><attrtype Sync="TRUE">SmallInteger</attrtype><attwidth Sync="TRUE">2</attwidth><atprecis Sync="TRUE">0</atprecis><attscale Sync="TRUE">0</attscale></attr><attr><attrlabl Sync="TRUE">Total</attrlabl><attalias Sync="TRUE">Total</attalias><attrtype Sync="TRUE">SmallInteger</attrtype><attwidth Sync="TRUE">2</attwidth><atprecis Sync="TRUE">0</atprecis><attscale Sync="TRUE">0</attscale></attr><attr><attrlabl Sync="TRUE">Shape_Length</attrlabl><attalias Sync="TRUE">Shape_Length</attalias><attrtype Sync="TRUE">Double</attrtype><attwidth Sync="TRUE">8</attwidth><atprecis Sync="TRUE">0</atprecis><attscale Sync="TRUE">0</attscale><attrdef Sync="TRUE">Length of feature in internal units.</attrdef><attrdefs Sync="TRUE">Esri</attrdefs><attrdomv><udom Sync="TRUE">Positive real numbers that are automatically generated.</udom></attrdomv></attr><attr><attrlabl Sync="TRUE">Shape_Area</attrlabl><attalias Sync="TRUE">Shape_Area</attalias><attrtype Sync="TRUE">Double</attrtype><attwidth Sync="TRUE">8</attwidth><atprecis Sync="TRUE">0</atprecis><attscale Sync="TRUE">0</attscale><attrdef Sync="TRUE">Area of feature in internal units squared.</attrdef><attrdefs Sync="TRUE">Esri</attrdefs><attrdomv><udom Sync="TRUE">Positive real numbers that are automatically generated.</udom></attrdomv></attr></detailed></eainfo><mdDateSt Sync="TRUE">20200811</mdDateSt></metadata>
